[
    {
        "host": "127.0.0.1",
        "port": 135,
        "protocol": "tcp",
        "service": "msrpc",
        "product": "Microsoft Windows RPC",
        "version": "",
        "vulnerabilities": []
    },
    {
        "host": "127.0.0.1",
        "port": 445,
        "protocol": "tcp",
        "service": "microsoft-ds",
        "product": "",
        "version": "",
        "vulnerabilities": []
    },
    {
        "host": "127.0.0.1",
        "port": 3306,
        "protocol": "tcp",
        "service": "mysql",
        "product": "MySQL",
        "version": "8.0.43",
        "vulnerabilities": []
    },
    {
        "host": "127.0.0.1",
        "port": 5357,
        "protocol": "tcp",
        "service": "http",
        "product": "Microsoft HTTPAPI httpd",
        "version": "2.0",
        "vulnerabilities": []
    },
    {
        "host": "127.0.0.1",
        "port": 5432,
        "protocol": "tcp",
        "service": "postgresql",
        "product": "PostgreSQL DB",
        "version": "",
        "vulnerabilities": []
    }
]