[
    {
        "host": "45.33.32.156",
        "port": 21,
        "protocol": "tcp",
        "service": "tcpwrapped",
        "product": "",
        "version": "",
        "vulnerabilities": []
    },
    {
        "host": "45.33.32.156",
        "port": 22,
        "protocol": "tcp",
        "service": "ssh",
        "product": "OpenSSH",
        "version": "6.6.1p1 Ubuntu 2ubuntu2.13",
        "vulnerabilities": []
    },
    {
        "host": "45.33.32.156",
        "port": 80,
        "protocol": "tcp",
        "service": "http",
        "product": "Apache httpd",
        "version": "2.4.7",
        "vulnerabilities": [
            {
                "id": "CVE-2021-44224",
                "cvss": 8.2
            }
        ]
    },
    {
        "host": "45.33.32.156",
        "port": 443,
        "protocol": "tcp",
        "service": "tcpwrapped",
        "product": "",
        "version": "",
        "vulnerabilities": []
    },
    {
        "host": "45.33.32.156",
        "port": 554,
        "protocol": "tcp",
        "service": "rtsp",
        "product": "",
        "version": "",
        "vulnerabilities": []
    },
    {
        "host": "45.33.32.156",
        "port": 1723,
        "protocol": "tcp",
        "service": "tcpwrapped",
        "product": "",
        "version": "",
        "vulnerabilities": []
    }
]