[
    {
        "host": "172.20.10.1",
        "port": 21,
        "protocol": "tcp",
        "service": "tcpwrapped",
        "product": "",
        "version": "",
        "vulnerabilities": []
    },
    {
        "host": "172.20.10.1",
        "port": 53,
        "protocol": "tcp",
        "service": "domain",
        "product": "",
        "version": "",
        "vulnerabilities": []
    },
    {
        "host": "172.20.10.1",
        "port": 49152,
        "protocol": "tcp",
        "service": "tcpwrapped",
        "product": "",
        "version": "",
        "vulnerabilities": []
    }
]